Handle,Title,Body (HTML),Vendor,Type,Tags,Option1 Name,Option1 Value,Option2 Name,Option2 Value,Option3 Name,Option3 Value,Variant SKU,Variant Grams,Variant Inventory Tracker,Variant Inventory Qty,Variant Inventory Policy,Variant Fulfillment Service,Variant Price,Variant Compare At Price,Variant Requires Shipping,Variant Taxable,Image Src
albert-vest-tee,Albert Vest Tee,"Classic Slim fit crew neck tee.
Bound neck and deep ribbed cuffed sleeves.
100% cotton open end yarn jersey fabric.
Heavily garment washed for softness.
Made in China.
",Three Over One,T Shirt,Mens,Color,White,Size,S,,,,0,,1,deny,manual,59.00,,true,true,http://cdn.shopify.com/s/files/1/0152/2551/products/243_Albert_Vest_Tee_Grey_Marl_Front.jpeg?2471
albert-vest-tee,,,,,,Color,White,Size,M,,,,0,,1,deny,manual,59.00,,true,true,http://cdn.shopify.com/s/files/1/0152/2551/products/243_Albert_Vest_Tee_Grey_Marl_Front_1.jpeg?2471
albert-vest-tee,,,,,,Color,White,Size,L,,,,0,,1,deny,manual,59.00,,true,true,http://cdn.shopify.com/s/files/1/0152/2551/products/239_Albert_Vest_Tee_White_Front.jpeg?2471
albert-vest-tee,,,,,,Color,White,Size,XL,,,,0,,1,deny,manual,59.00,,true,true,http://cdn.shopify.com/s/files/1/0152/2551/products/239_Albert_Vest_Tee_White_Front_1.jpeg?2471
albert-vest-tee,,,,,,Color,White,Size,XXL,,,,0,,1,deny,manual,59.00,,true,true,http://cdn.shopify.com/s/files/1/0152/2551/products/240_Albert_Vest_Tee_White_Back.jpeg?2471
albert-vest-tee,,,,,,Color,Navy,Size,S,,,,0,,1,deny,manual,59.00,,true,true,http://cdn.shopify.com/s/files/1/0152/2551/products/241_Albert_Vest_Tee_Navy_Front.jpeg?2471
albert-vest-tee,,,,,,Color,Navy,Size,M,,,,0,,1,deny,manual,59.00,,true,true,
albert-vest-tee,,,,,,Color,Navy,Size,L,,,,0,,1,deny,manual,59.00,,true,true,
albert-vest-tee,,,,,,Color,Navy,Size,XL,,,,0,,1,deny,manual,59.00,,true,true,
albert-vest-tee,,,,,,Color,Navy,Size,XXL,,,,0,,1,deny,manual,59.00,,true,true,
albert-vest-tee,,,,,,Color,Grey Marl,Size,S,,,,0,,1,deny,manual,59.00,,true,true,
albert-vest-tee,,,,,,Color,Grey Marl,Size,M,,,,0,,1,deny,manual,59.00,,true,true,
albert-vest-tee,,,,,,Color,Grey Marl,Size,L,,,,0,,1,deny,manual,59.00,,true,true,
albert-vest-tee,,,,,,Color,Grey Marl,Size,XL,,,,0,,1,deny,manual,59.00,,true,true,
albert-vest-tee,,,,,,Color,Grey Marl,Size,XXL,,,,0,,1,deny,manual,59.00,,true,true,
benjamin-trouser,Benjamin Trouser,,Three Over One,Trouser,Mens,Color,Default Title,,,,,,0,,1,deny,manual,0.00,,true,true,
bernice-under-singlet,Bernice Under Singlet,"Classic mens style singlet.Bound neck and armhole100% cotton open end yarn jersey fabricHeavily garment washed for softnessMade in China",Three Over One,Top,Womens,Color,White,Size,XS,,,,0,,1,deny,manual,59.00,,true,true,http://cdn.shopify.com/s/files/1/0152/2551/products/321_Bernice_Under_Singlet_Navy_Front.jpeg?2471
bernice-under-singlet,,,,,,Color,White,Size,S,,,,0,,1,deny,manual,59.00,,true,true,http://cdn.shopify.com/s/files/1/0152/2551/products/322_Bernice_Under_Singlet_Navy_Back.jpeg?2471
bernice-under-singlet,,,,,,Color,White,Size,M,,,,0,,1,deny,manual,59.00,,true,true,http://cdn.shopify.com/s/files/1/0152/2551/products/323_Bernice_Under_Singlet_White_Front.jpeg?2471
bernice-under-singlet,,,,,,Color,White,Size,L,,,,0,,1,deny,manual,59.00,,true,true,http://cdn.shopify.com/s/files/1/0152/2551/products/324_Bernice_Under_Singlet_White_Back.jpeg?2471
bernice-under-singlet,,,,,,Color,Navy,Size,XS,,,,0,,1,deny,manual,59.00,,true,true,
bernice-under-singlet,,,,,,Color,Navy,Size,S,,,,0,,1,deny,manual,59.00,,true,true,
bernice-under-singlet,,,,,,Color,Navy,Size,M,,,,0,,1,deny,manual,59.00,,true,true,
bernice-under-singlet,,,,,,Color,Navy,Size,L,,,,0,,1,deny,manual,59.00,,true,true,
betty-half-placket-shirt,Betty Half Placket Shirt,,Three Over One,Shirt,Womens,Color,Default Title,,,,,,0,,1,deny,manual,0.00,,true,true,
bobby-half-placket-shirt,Bobby Half Placket Shirt,"Classic Slim fit crew neck tee.Bound neck and deep ribbed cuffed sleeves.100% cotton open end yarn jersey fabric.Heavily garment washed for softness.Made in China.",Three Over One,Shirt,Mens,Color,Navy Oxford,Size,S,,,,0,,1,deny,manual,239.00,,true,true,http://cdn.shopify.com/s/files/1/0152/2551/products/250_Bobby_Half_Placket_Shirt_Navy_Oxford_Front.jpeg?2471
bobby-half-placket-shirt,,,,,,Color,Navy Oxford,Size,M,,,,0,,1,deny,manual,239.00,,true,true,http://cdn.shopify.com/s/files/1/0152/2551/products/250_Bobby_Half_Placket_Shirt_Navy_Oxford_Front_1.jpeg?2471
bobby-half-placket-shirt,,,,,,Color,Navy Oxford,Size,L,,,,0,,1,deny,manual,239.00,,true,true,http://cdn.shopify.com/s/files/1/0152/2551/products/254_Bobby_Half_Placket_Shirt_Navy_Oxford_Stripe_Front.jpeg?2471
bobby-half-placket-shirt,,,,,,Color,Navy Oxford,Size,XL,,,,0,,1,deny,manual,239.00,,true,true,http://cdn.shopify.com/s/files/1/0152/2551/products/255_Bobby_Half_Placket_Shirt_Navy_Oxford_Stripe_Back.jpeg?2471
bobby-half-placket-shirt,,,,,,Color,Navy Oxford,Size,XXL,,,,0,,1,deny,manual,239.00,,true,true,
bobby-half-placket-shirt,,,,,,Color,Navy Oxford Stripe,Size,S,,,,0,,1,deny,manual,239.00,,true,true,
bobby-half-placket-shirt,,,,,,Color,Navy Oxford Stripe,Size,M,,,,0,,1,deny,manual,239.00,,true,true,
bobby-half-placket-shirt,,,,,,Color,Navy Oxford Stripe,Size,L,,,,0,,1,deny,manual,239.00,,true,true,
bobby-half-placket-shirt,,,,,,Color,Navy Oxford Stripe,Size,XL,,,,0,,1,deny,manual,239.00,,true,true,
bobby-half-placket-shirt,,,,,,Color,Navy Oxford Stripe,Size,XXL,,,,0,,1,deny,manual,239.00,,true,true,
chester-undershirt,Chester Undershirt,"Slim fit crew neck top.Raw edge hem, deep cuffs and woven fabric back hangerloop and inner neck lining.100% garmentdyed waffle mid weight jersey fabric.Heavily garment washed for softness.Made in China.",Three Over One,Undershirt,Mens,Color,Navy,Size,S,,,,0,,1,deny,manual,99.00,,true,true,http://cdn.shopify.com/s/files/1/0152/2551/products/224_Chester_Under_Shirt_Navy__Front.jpeg?2471
chester-undershirt,,,,,,Color,Navy,Size,M,,,,0,,1,deny,manual,99.00,,true,true,http://cdn.shopify.com/s/files/1/0152/2551/products/225_Chester_Under_Shirt_Navy__Back.jpeg?2471
chester-undershirt,,,,,,Color,Navy,Size,L,,,,0,,1,deny,manual,99.00,,true,true,http://cdn.shopify.com/s/files/1/0152/2551/products/226_Chester_Under_Shirt_Navy__Front.jpeg?2471
chester-undershirt,,,,,,Color,Navy,Size,XL,,,,0,,1,deny,manual,99.00,,true,true,http://cdn.shopify.com/s/files/1/0152/2551/products/227_Chester_Under_Shirt_Navy__Back.jpeg?2471
chester-undershirt,,,,,,Color,Navy,Size,XXL,,,,0,,1,deny,manual,99.00,,true,true,
chester-undershirt,,,,,,Color,Off White,Size,S,,,,0,,1,deny,manual,99.00,,true,true,
chester-undershirt,,,,,,Color,Off White,Size,M,,,,0,,1,deny,manual,99.00,,true,true,
chester-undershirt,,,,,,Color,Off White,Size,L,,,,0,,1,deny,manual,99.00,,true,true,
chester-undershirt,,,,,,Color,Off White,Size,XL,,,,0,,1,deny,manual,99.00,,true,true,
chester-undershirt,,,,,,Color,Off White,Size,XXL,,,,0,,1,deny,manual,99.00,,true,true,
eugene-under-shirt-stripe,Eugene Stripe Under Shirt,"Slim fit crew neck top.Raw edge hem, deep cuffs and woven fabric back hanger loop neck lining100% ribbed mid weight jersey fabricHeavily garment washed for softnessMade in China",Three Over One,Undershirt,Mens,Color,Off White/Navy Stripe,Size,S,,,,0,,1,deny,manual,99.00,,true,true,http://cdn.shopify.com/s/files/1/0152/2551/products/221_Eugene_Under_Shirt_Off_White_and_Navy_Stripe_Front.jpeg?2471
eugene-under-shirt-stripe,,,,,,Color,Off White/Navy Stripe,Size,M,,,,0,,1,deny,manual,99.00,,true,true,http://cdn.shopify.com/s/files/1/0152/2551/products/222_Eugene_Under_Shirt_Off_White_and_Navy_Stripe_Back.jpeg?2471
eugene-under-shirt-stripe,,,,,,Color,Off White/Navy Stripe,Size,L,,,,0,,1,deny,manual,99.00,,true,true,
eugene-under-shirt-stripe,,,,,,Color,Off White/Navy Stripe,Size,XL,,,,0,,1,deny,manual,99.00,,true,true,
eugene-under-shirt-stripe,,,,,,Color,Off White/Navy Stripe,Size,XXL,,,,0,,1,deny,manual,99.00,,true,true,
eugene-under-shirt,Eugene Under Shirt,"Slim fit crew neck top.Raw edge hem, deep cuffs and woven fabric back hanger loop neck lining100% ribbed mid weight jersey fabricHeavily garment washed for softnessMade in China",Three Over One,Undershirt,Mens,Color,Navy,Size,S,,,,0,,1,deny,manual,99.00,,true,true,http://cdn.shopify.com/s/files/1/0152/2551/products/219_Eugene_Under_Shirt_Navy_Front.jpeg?2471
eugene-under-shirt,,,,,,Color,Navy,Size,M,,,,0,,1,deny,manual,99.00,,true,true,http://cdn.shopify.com/s/files/1/0152/2551/products/220_Eugene_Under_Shirt_Navy_Back.jpeg?2471
eugene-under-shirt,,,,,,Color,Navy,Size,L,,,,0,,1,deny,manual,99.00,,true,true,
eugene-under-shirt,,,,,,Color,Navy,Size,XL,,,,0,,1,deny,manual,99.00,,true,true,
eugene-under-shirt,,,,,,Color,Navy,Size,XXL,,,,0,,1,deny,manual,99.00,,true,true,
evelyn-collarless-shirt,Evelyn Collarless Shirt,,Three Over One,Shirt,Womens,Color,Default Title,,,,,,0,,1,deny,manual,0.00,,true,true,
floyd-trouser,Floyd Trouser,"Classic Slim fit crew neck tee.Bound neck and deep ribbed cuffed sleeves.100% cotton open end yarn jersey fabric.Heavily garment washed for softness.Made in China.",Three Over One,Trouser,Mens,Color,Navy,Size,30,,,,0,,1,deny,manual,219.00,,true,true,http://cdn.shopify.com/s/files/1/0152/2551/products/106_Floyd_Trouser_Navy_Front.jpeg?2471
floyd-trouser,,,,,,Color,Navy,Size,32,,,,0,,1,deny,manual,219.00,,true,true,http://cdn.shopify.com/s/files/1/0152/2551/products/107_Floyd_Trouser_Navy_Back.jpeg?2471
floyd-trouser,,,,,,Color,Navy,Size,34,,,,0,,1,deny,manual,219.00,,true,true,http://cdn.shopify.com/s/files/1/0152/2551/products/109_Floyd_Trouser_Green_Front.jpeg?2471
floyd-trouser,,,,,,Color,Navy,Size,36,,,,0,,1,deny,manual,219.00,,true,true,http://cdn.shopify.com/s/files/1/0152/2551/products/110_Floyd_Trouser_Green_Back.jpeg?2471
floyd-trouser,,,,,,Color,Navy,Size,38,,,,0,,1,deny,manual,219.00,,true,true,
floyd-trouser,,,,,,Color,Green,Size,30,,,,0,,1,deny,manual,219.00,,true,true,
floyd-trouser,,,,,,Color,Green,Size,32,,,,0,,1,deny,manual,219.00,,true,true,
floyd-trouser,,,,,,Color,Green,Size,34,,,,0,,1,deny,manual,219.00,,true,true,
floyd-trouser,,,,,,Color,Green,Size,36,,,,0,,1,deny,manual,219.00,,true,true,
floyd-trouser,,,,,,Color,Green,Size,38,,,,0,,1,deny,manual,219.00,,true,true,
francis-athletic-sweat,Francis Athletic Sweat,,Three Over One,Sweatshirt,Mens,Color,Default Title,,,,,,0,,1,deny,manual,0.00,,true,true,
george-blazer,George Blazer,"Slim fit cropped length jacket.Two buttons at the front and working buttons at the cuff. A single chest patch pocket and two lower patch pockets. Fully lined in cotton twill fabric 100% Japanese mid weight cotton twillReal horn buttons with a sanded finishHeavily garment washed for softnessMade in Australia",Three Over One,Jacket,Mens,Color,Navy Corduroy,Size,S,,,,0,,1,deny,manual,349.00,,true,true,http://cdn.shopify.com/s/files/1/0152/2551/products/086_George_Blazer_Navy_Cord_Front.jpeg?2471
george-blazer,,,,,,Color,Navy Corduroy,Size,M,,,,0,,1,deny,manual,349.00,,true,true,http://cdn.shopify.com/s/files/1/0152/2551/products/088_George_Blazer_Navy_Cord_Back.jpeg?2471
george-blazer,,,,,,Color,Navy Corduroy,Size,L,,,,0,,1,deny,manual,349.00,,true,true,http://cdn.shopify.com/s/files/1/0152/2551/products/089_George_Blazer_Navy_Twill_Front.jpeg?2471
george-blazer,,,,,,Color,Navy Corduroy,Size,XL,,,,0,,1,deny,manual,349.00,,true,true,http://cdn.shopify.com/s/files/1/0152/2551/products/092_George_Blazer_Navy_Twill_Back.jpeg?2471
george-blazer,,,,,,Color,Navy Corduroy,Size,XXL,,,,0,,1,deny,manual,349.00,,true,true,
george-blazer,,,,,,Color,Navy Twill,Size,S,,,,0,,1,deny,manual,319.00,,true,true,
george-blazer,,,,,,Color,Navy Twill,Size,M,,,,0,,1,deny,manual,319.00,,true,true,
george-blazer,,,,,,Color,Navy Twill,Size,L,,,,0,,1,deny,manual,319.00,,true,true,
george-blazer,,,,,,Color,Navy Twill,Size,XL,,,,0,,1,deny,manual,319.00,,true,true,
george-blazer,,,,,,Color,Navy Twill,Size,XXL,,,,0,,1,deny,manual,319.00,,true,true,
gerald-trench-coat,Gerald Trench Coat,"Slim fit coat.Two lower pockets and belted waist. Button front with epaulettes and cuff adjusters. Lined in cotton twill fabric100% Japanese heavy weight reverse twill fabricReal wooden buttonsHeavily garment washed for softnessMade in Australia",Three Over One,Coat,Mens,Color,Navy,Size,S,,,,0,,1,deny,manual,239.00,,true,true,http://cdn.shopify.com/s/files/1/0152/2551/products/051_Gerald_Trench_Coat_Navy_Front.jpeg?2471
gerald-trench-coat,,,,,,Color,Navy,Size,M,,,,0,,1,deny,manual,239.00,,true,true,http://cdn.shopify.com/s/files/1/0152/2551/products/055_Gerald_Trench_Coat_Navy_Back.jpeg?2471
gerald-trench-coat,,,,,,Color,Navy,Size,L,,,,0,,1,deny,manual,239.00,,true,true,
gerald-trench-coat,,,,,,Color,Navy,Size,XL,,,,0,,1,deny,manual,239.00,,true,true,
gerald-trench-coat,,,,,,Color,Navy,Size,XXL,,,,0,,1,deny,manual,239.00,,true,true,
gerald-trench-coat,,,,,,Color,Green,Size,S,,,,0,,1,deny,manual,239.00,,true,true,
gerald-trench-coat,,,,,,Color,Green,Size,M,,,,0,,1,deny,manual,239.00,,true,true,
gerald-trench-coat,,,,,,Color,Green,Size,L,,,,0,,1,deny,manual,239.00,,true,true,
gerald-trench-coat,,,,,,Color,Green,Size,XL,,,,0,,1,deny,manual,239.00,,true,true,
gerald-trench-coat,,,,,,Color,Green,Size,XXL,,,,0,,1,deny,manual,239.00,,true,true,
harriet-trouser,Harriet Trouser,"Mens style relaxed fit trouser tapering at the hem.Two slant and a watch pocket at the front and two pockets with button fastening at the back.100% Japanese heavy weight cotton twillReal horn buttons with a sanded finishHeavily garment washed for softnessMade in Australia",Three Over One,Trouser,Womens,Color,Taupe Twill,Size,25,,,,0,,1,deny,manual,209.00,,true,true,
harriet-trouser,,,,,,Color,Taupe Twill,Size,26,,,,0,,1,deny,manual,209.00,,true,true,
harriet-trouser,,,,,,Color,Taupe Twill,Size,27,,,,0,,1,deny,manual,209.00,,true,true,
harriet-trouser,,,,,,Color,Taupe Twill,Size,28,,,,0,,1,deny,manual,209.00,,true,true,
harriet-trouser,,,,,,Color,Taupe Twill,Size,29,,,,0,,1,deny,manual,209.00,,true,true,
harriet-trouser,,,,,,Color,Taupe Twill,Size,30,,,,0,,1,deny,manual,209.00,,true,true,
harriet-trouser,,,,,,Color,Navy Twill,Size,25,,,,0,,1,deny,manual,209.00,,true,true,
harriet-trouser,,,,,,Color,Navy Twill,Size,26,,,,0,,1,deny,manual,209.00,,true,true,
harriet-trouser,,,,,,Color,Navy Twill,Size,27,,,,0,,1,deny,manual,209.00,,true,true,
harriet-trouser,,,,,,Color,Navy Twill,Size,28,,,,0,,1,deny,manual,209.00,,true,true,
harriet-trouser,,,,,,Color,Navy Twill,Size,29,,,,0,,1,deny,manual,209.00,,true,true,
harriet-trouser,,,,,,Color,Navy Twill,Size,30,,,,0,,1,deny,manual,209.00,,true,true,
hattie-denim-jean,Hattie Denim Jean,"Mens style relaxed fit trouser tapering at the hem.Two slant and a watch pocket at the front and two pockets with button fastening at the back.100% Japanese heavy weight cotton twillReal horn buttons with a sanded finishHeavily garment washed for softnessMade in Australia",Three Over One,Jeans,Womens,Color,Raw Indigo Denim,Size,25,,,,0,,1,deny,manual,279.00,,true,true,
hattie-denim-jean,,,,,,Color,Raw Indigo Denim,Size,26,,,,0,,1,deny,manual,279.00,,true,true,
hattie-denim-jean,,,,,,Color,Raw Indigo Denim,Size,27,,,,0,,1,deny,manual,279.00,,true,true,
hattie-denim-jean,,,,,,Color,Raw Indigo Denim,Size,28,,,,0,,1,deny,manual,279.00,,true,true,
hattie-denim-jean,,,,,,Color,Raw Indigo Denim,Size,29,,,,0,,1,deny,manual,279.00,,true,true,
hattie-denim-jean,,,,,,Color,Raw Indigo Denim,Size,30,,,,0,,1,deny,manual,279.00,,true,true,
herbert-denim-jean,Herbert Denim Jean,"Slim fit track short.Button fly, drawstring waist, raw edge hem and woven fabric inner waistband100% marled cotton loop back mid weight sweat fabricReal corozo buttonsHeavily garment washed for softnessMade in China",Three Over One,Jeans,Mens,Color,Raw Indigo Denim,Size,30,,,,0,,1,deny,manual,299.00,,true,true,http://cdn.shopify.com/s/files/1/0152/2551/products/111_Herbert_denim_Jean_Rinse_Wash_Indigo_Front.jpeg?2471
herbert-denim-jean,,,,,,Color,Raw Indigo Denim,Size,32,,,,0,,1,deny,manual,299.00,,true,true,http://cdn.shopify.com/s/files/1/0152/2551/products/112_Herbert_denim_Jean_Rinse_Wash_Indigo_Back.jpeg?2471
herbert-denim-jean,,,,,,Color,Raw Indigo Denim,Size,34,,,,0,,1,deny,manual,299.00,,true,true,
herbert-denim-jean,,,,,,Color,Raw Indigo Denim,Size,36,,,,0,,1,deny,manual,299.00,,true,true,
herbert-denim-jean,,,,,,Color,Raw Indigo Denim,Size,38,,,,0,,1,deny,manual,299.00,,true,true,
horace-athletic-track-pant,Horace Athletic Track Pant,"Slim fit track pant.Button fly, drawstring waist, ribbed hem and woven fabric inner waistband100% marled cotton loop back mid weight sweat fabricReal Corozo buttonsHeavily garment washed for softnessMade in China",Three Over One,Track pants,Mens,Color,Navy Marl,Size,30,,,,0,,1,deny,manual,149.00,,true,true,http://cdn.shopify.com/s/files/1/0152/2551/products/297_Horace_Athletic_Track_Pant_Navy_Marl_Front.jpeg?2471
horace-athletic-track-pant,,,,,,Color,Navy Marl,Size,32,,,,0,,1,deny,manual,149.00,,true,true,http://cdn.shopify.com/s/files/1/0152/2551/products/298_Horace_Athletic_Track_Pant_Navy_Marl_Back.jpeg?2471
horace-athletic-track-pant,,,,,,Color,Navy Marl,Size,34,,,,0,,1,deny,manual,149.00,,true,true,http://cdn.shopify.com/s/files/1/0152/2551/products/295_Horace_Athletic_Track_Pant_Grey_Marl_Front.jpeg?2471
horace-athletic-track-pant,,,,,,Color,Navy Marl,Size,36,,,,0,,1,deny,manual,149.00,,true,true,http://cdn.shopify.com/s/files/1/0152/2551/products/296_Horace_Athletic_Track_Pant_Grey_Marl_Back.jpeg?2471
horace-athletic-track-pant,,,,,,Color,Navy Marl,Size,38,,,,0,,1,deny,manual,149.00,,true,true,
horace-athletic-track-pant,,,,,,Color,Grey Marl,Size,30,,,,0,,1,deny,manual,149.00,,true,true,
horace-athletic-track-pant,,,,,,Color,Grey Marl,Size,32,,,,0,,1,deny,manual,149.00,,true,true,
horace-athletic-track-pant,,,,,,Color,Grey Marl,Size,34,,,,0,,1,deny,manual,149.00,,true,true,
horace-athletic-track-pant,,,,,,Color,Grey Marl,Size,36,,,,0,,1,deny,manual,149.00,,true,true,
horace-athletic-track-pant,,,,,,Color,Grey Marl,Size,38,,,,0,,1,deny,manual,149.00,,true,true,
horace-athletic-track-short,Horace Athletic Track Short,"Slim fit track short.Button fly, drawstring waist, raw edge hem and woven fabric inner waistband100% marled cotton loop back mid weight sweat fabricReal corozo buttonsHeavily garment washed for softnessMade in China",Three Over One,Track pants,Mens,Color,Navy Marl,Size,30,,,,0,,1,deny,manual,149.00,,true,true,http://cdn.shopify.com/s/files/1/0152/2551/products/299_Horace_Athletic_Track_Short_Navy_Marl_Front.jpeg?2471
horace-athletic-track-short,,,,,,Color,Navy Marl,Size,32,,,,0,,1,deny,manual,149.00,,true,true,http://cdn.shopify.com/s/files/1/0152/2551/products/300_Horace_Athletic_Track_Short_Navy_Marl_Back.jpeg?2471
horace-athletic-track-short,,,,,,Color,Navy Marl,Size,34,,,,0,,1,deny,manual,149.00,,true,true,
horace-athletic-track-short,,,,,,Color,Navy Marl,Size,36,,,,0,,1,deny,manual,149.00,,true,true,
horace-athletic-track-short,,,,,,Color,Navy Marl,Size,38,,,,0,,1,deny,manual,149.00,,true,true,
horace-athletic-track-short,,,,,,Color,Grey Marl,Size,30,,,,0,,1,deny,manual,149.00,,true,true,
horace-athletic-track-short,,,,,,Color,Grey Marl,Size,32,,,,0,,1,deny,manual,149.00,,true,true,
horace-athletic-track-short,,,,,,Color,Grey Marl,Size,34,,,,0,,1,deny,manual,149.00,,true,true,
horace-athletic-track-short,,,,,,Color,Grey Marl,Size,36,,,,0,,1,deny,manual,149.00,,true,true,
horace-athletic-track-short,,,,,,Color,Grey Marl,Size,38,,,,0,,1,deny,manual,149.00,,true,true,
howard-shorts-red-floral,Howard Burnt Red Floral Shorts,"Relaxed fit short. Two slant and a watch pocket at the front and two pockets with button fastening at the back.100% Japanese mid weight cotton Real horn buttons with a sanded finishHeavily garment washed for softnessMade in Australia",Three Over One,Shorts,Mens,Color,Burnt Red Floral,Size,30,,,,0,,1,deny,manual,239.00,,true,true,http://cdn.shopify.com/s/files/1/0152/2551/products/093_Howard_Short_Burnt_Red_Floral_Front.jpeg?2471
howard-shorts-red-floral,,,,,,Color,Burnt Red Floral,Size,32,,,,0,,1,deny,manual,239.00,,true,true,http://cdn.shopify.com/s/files/1/0152/2551/products/094_Howard_Short_Burnt_Red_Floral_Back.jpeg?2471
howard-shorts-red-floral,,,,,,Color,Burnt Red Floral,Size,34,,,,0,,1,deny,manual,239.00,,true,true,
howard-shorts-red-floral,,,,,,Color,Burnt Red Floral,Size,36,,,,0,,1,deny,manual,239.00,,true,true,
howard-shorts-red-floral,,,,,,Color,Burnt Red Floral,Size,38,,,,0,,1,deny,manual,239.00,,true,true,
howard-shorts-navy-floral,Howard Navy & Natural Floral Shorts,"Relaxed fit short. Two slant and a watch pocket at the front and two pockets with button fastening at the back.100% Japanese mid weight cotton Real horn buttons with a sanded finishHeavily garment washed for softnessMade in Australia",Three Over One,Shorts,Mens,Color,Navy and Natural Floral,Size,30,,,,0,,1,deny,manual,239.00,,true,true,http://cdn.shopify.com/s/files/1/0152/2551/products/097_Howard_Short_Navy_and_Natural_Floral_Front.jpeg?2471
howard-shorts-navy-floral,,,,,,Color,Navy and Natural Floral,Size,32,,,,0,,1,deny,manual,239.00,,true,true,http://cdn.shopify.com/s/files/1/0152/2551/products/099_Howard_Short_Navy_and_Natural_Floral_Back.jpeg?2471
howard-shorts-navy-floral,,,,,,Color,Navy and Natural Floral,Size,34,,,,0,,1,deny,manual,239.00,,true,true,
howard-shorts-navy-floral,,,,,,Color,Navy and Natural Floral,Size,36,,,,0,,1,deny,manual,239.00,,true,true,
howard-shorts-navy-floral,,,,,,Color,Navy and Natural Floral,Size,38,,,,0,,1,deny,manual,239.00,,true,true,
howard-trouser,Howard Trouser,"Relaxed fit short. Two slant and a watch pocket at the front and two pockets with button fastening at the back.100% Japanese mid weight cotton Real horn buttons with a sanded finishHeavily garment washed for softnessMade in Australia",Three Over One,Trouser,Mens,Color,Navy Twill,Size,30,,,,0,,1,deny,manual,239.00,,true,true,http://cdn.shopify.com/s/files/1/0152/2551/products/101_Howard_Trouser_Navy_Twill_Front.jpeg?2471
howard-trouser,,,,,,Color,Navy Twill,Size,32,,,,0,,1,deny,manual,239.00,,true,true,http://cdn.shopify.com/s/files/1/0152/2551/products/103_Howard_Trouser_Navy_Twill_Back.jpeg?2471
howard-trouser,,,,,,Color,Navy Twill,Size,34,,,,0,,1,deny,manual,239.00,,true,true,http://cdn.shopify.com/s/files/1/0152/2551/products/104__Howard_Trouser_Green_Twill_Front.jpeg?2471
howard-trouser,,,,,,Color,Navy Twill,Size,36,,,,0,,1,deny,manual,239.00,,true,true,http://cdn.shopify.com/s/files/1/0152/2551/products/105_Howard_Trouser_Green_Twill_Back.jpeg?2471
howard-trouser,,,,,,Color,Navy Twill,Size,38,,,,0,,1,deny,manual,239.00,,true,true,
howard-trouser,,,,,,Color,Green Twill,Size,30,,,,0,,1,deny,manual,239.00,,true,true,
howard-trouser,,,,,,Color,Green Twill,Size,32,,,,0,,1,deny,manual,239.00,,true,true,
howard-trouser,,,,,,Color,Green Twill,Size,34,,,,0,,1,deny,manual,239.00,,true,true,
howard-trouser,,,,,,Color,Green Twill,Size,36,,,,0,,1,deny,manual,239.00,,true,true,
howard-trouser,,,,,,Color,Green Twill,Size,38,,,,0,,1,deny,manual,239.00,,true,true,
jack-track-short,Jack Track Short,,Three Over One,Shorts,Mens,Color,Default Title,,,,,,0,,1,deny,manual,0.00,,true,true,
joseph-workers-coat,Joseph Worker's Coat,"Relaxed fit short. Two slant and a watch pocket at the front and two pockets with button fastening at the back.100% Japanese mid weight cotton Real horn buttons with a sanded finishHeavily garment washed for softnessMade in Australia",Three Over One,Coat,Mens,Color,Navy,Size,S,,,,0,,1,deny,manual,239.00,,true,true,http://cdn.shopify.com/s/files/1/0152/2551/products/066_Joseph_Workers_Coat_Navy_Wool_Front.jpeg?2471
joseph-workers-coat,,,,,,Color,Navy,Size,M,,,,0,,1,deny,manual,239.00,,true,true,http://cdn.shopify.com/s/files/1/0152/2551/products/069_Joseph_Workers_Coat_Navy_Wool_Back.jpeg?2471
joseph-workers-coat,,,,,,Color,Navy,Size,L,,,,0,,1,deny,manual,239.00,,true,true,
joseph-workers-coat,,,,,,Color,Navy,Size,XL,,,,0,,1,deny,manual,239.00,,true,true,
joseph-workers-coat,,,,,,Color,Navy,Size,XXL,,,,0,,1,deny,manual,239.00,,true,true,
joseph-workers-coat,,,,,,Color,Green,Size,S,,,,0,,1,deny,manual,239.00,,true,true,
joseph-workers-coat,,,,,,Color,Green,Size,M,,,,0,,1,deny,manual,239.00,,true,true,
joseph-workers-coat,,,,,,Color,Green,Size,L,,,,0,,1,deny,manual,239.00,,true,true,
joseph-workers-coat,,,,,,Color,Green,Size,XL,,,,0,,1,deny,manual,239.00,,true,true,
joseph-workers-coat,,,,,,Color,Green,Size,XXL,,,,0,,1,deny,manual,239.00,,true,true,
laurie-athletic-sweat,Laurie Athletic Sweat,"Slim fit hooded sweatshirt.Ribbed side panels, kangaroo pocket, ribbed cuffs and hem and woven fabric back hanger loop100% marled cotton loop back mid weight sweat fabricHeavily garment washed for softnessMade in China",Three Over One,Sweatshirt,Mens,Color,Navy Marl,Size,S,,,,0,,1,deny,manual,159.00,,true,true,http://cdn.shopify.com/s/files/1/0152/2551/products/175_Laurie_Atheletic_Sweat_Navy_Marl_Front.jpeg?2471
laurie-athletic-sweat,,,,,,Color,Navy Marl,Size,M,,,,0,,1,deny,manual,159.00,,true,true,http://cdn.shopify.com/s/files/1/0152/2551/products/177_Laurie_Atheletic_Sweat_Navy_Marl_Back.jpeg?2471
laurie-athletic-sweat,,,,,,Color,Navy Marl,Size,L,,,,0,,1,deny,manual,159.00,,true,true,http://cdn.shopify.com/s/files/1/0152/2551/products/180_Laurie_Atheletic_Sweat_Burnt_Orange_Marl_Front.jpeg?2471
laurie-athletic-sweat,,,,,,Color,Navy Marl,Size,XL,,,,0,,1,deny,manual,159.00,,true,true,http://cdn.shopify.com/s/files/1/0152/2551/products/181_Laurie_Atheletic_Sweat_Burnt_Orange_Marl_Back.jpeg?2471
laurie-athletic-sweat,,,,,,Color,Navy Marl,Size,XXL,,,,0,,1,deny,manual,159.00,,true,true,http://cdn.shopify.com/s/files/1/0152/2551/products/183_Laurie_Atheletic_Sweat_Burnt_Green_Marl_Front.jpeg?2471
laurie-athletic-sweat,,,,,,Color,Burnt Green Marl,Size,S,,,,0,,1,deny,manual,159.00,,true,true,http://cdn.shopify.com/s/files/1/0152/2551/products/184_Laurie_Atheletic_Sweat_Burnt_Green_Marl_Back.jpeg?2471
laurie-athletic-sweat,,,,,,Color,Burnt Green Marl,Size,M,,,,0,,1,deny,manual,159.00,,true,true,http://cdn.shopify.com/s/files/1/0152/2551/products/186_Laurie_Atheletic_Sweat_Burnt_Red_Marl_Front.jpeg?2471
laurie-athletic-sweat,,,,,,Color,Burnt Green Marl,Size,L,,,,0,,1,deny,manual,159.00,,true,true,http://cdn.shopify.com/s/files/1/0152/2551/products/187_Laurie_Atheletic_Sweat_Burnt_Red_Marl_Back.jpeg?2471
laurie-athletic-sweat,,,,,,Color,Burnt Green Marl,Size,XL,,,,0,,1,deny,manual,159.00,,true,true,
laurie-athletic-sweat,,,,,,Color,Burnt Green Marl,Size,XXL,,,,0,,1,deny,manual,159.00,,true,true,
laurie-athletic-sweat,,,,,,Color,Burnt Red Marl,Size,S,,,,0,,1,deny,manual,159.00,,true,true,
laurie-athletic-sweat,,,,,,Color,Burnt Red Marl,Size,M,,,,0,,1,deny,manual,159.00,,true,true,
laurie-athletic-sweat,,,,,,Color,Burnt Red Marl,Size,L,,,,0,,1,deny,manual,159.00,,true,true,
laurie-athletic-sweat,,,,,,Color,Burnt Red Marl,Size,XL,,,,0,,1,deny,manual,159.00,,true,true,
laurie-athletic-sweat,,,,,,Color,Burnt Red Marl,Size,XXL,,,,0,,1,deny,manual,159.00,,true,true,
laurie-athletic-sweat,,,,,,Color,Burnt Orange Marl,Size,S,,,,0,,1,deny,manual,159.00,,true,true,
laurie-athletic-sweat,,,,,,Color,Burnt Orange Marl,Size,M,,,,0,,1,deny,manual,159.00,,true,true,
laurie-athletic-sweat,,,,,,Color,Burnt Orange Marl,Size,L,,,,0,,1,deny,manual,159.00,,true,true,
laurie-athletic-sweat,,,,,,Color,Burnt Orange Marl,Size,XL,,,,0,,1,deny,manual,159.00,,true,true,
laurie-athletic-sweat,,,,,,Color,Burnt Orange Marl,Size,XXL,,,,0,,1,deny,manual,159.00,,true,true,
leon-knit,Leon Knit,"Relaxed fit crew neck top.Raglan sleeve, ribbed cuffs and hem and woven fabric inner neck lining100% cotton  mid weight French rib fabricHeavily garment washed for softnessMade in China",Three Over One,Sweatshirt,Mens,Color,Black,Size,S,,,,0,,1,deny,manual,119.00,,true,true,http://cdn.shopify.com/s/files/1/0152/2551/products/131_Leon_Knit_Black_Front.jpeg?2471
leon-knit,,,,,,Color,Black,Size,M,,,,0,,1,deny,manual,119.00,,true,true,http://cdn.shopify.com/s/files/1/0152/2551/products/135_Leon_Knit_Black_Back.jpeg?2471
leon-knit,,,,,,Color,Black,Size,L,,,,0,,1,deny,manual,119.00,,true,true,http://cdn.shopify.com/s/files/1/0152/2551/products/137_Leon_Knit_Burnt_Red_Front.jpeg?2471
leon-knit,,,,,,Color,Black,Size,XL,,,,0,,1,deny,manual,119.00,,true,true,http://cdn.shopify.com/s/files/1/0152/2551/products/139_Leon_Knit_Burnt_Red_Back.jpeg?2471
leon-knit,,,,,,Color,Black,Size,XXL,,,,0,,1,deny,manual,119.00,,true,true,http://cdn.shopify.com/s/files/1/0152/2551/products/141_Leon_Knit_Navy_Front.jpeg?2471
leon-knit,,,,,,Color,Navy,Size,S,,,,0,,1,deny,manual,119.00,,true,true,http://cdn.shopify.com/s/files/1/0152/2551/products/142_Leon_Knit_Navy_Back.jpeg?2471
leon-knit,,,,,,Color,Navy,Size,M,,,,0,,1,deny,manual,119.00,,true,true,http://cdn.shopify.com/s/files/1/0152/2551/products/160_Leon_Knit_Burnt_Green_Back.jpeg?2471
leon-knit,,,,,,Color,Navy,Size,L,,,,0,,1,deny,manual,119.00,,true,true,http://cdn.shopify.com/s/files/1/0152/2551/products/161_Leon_Knit_Burnt_Green_Front.jpeg?2471
leon-knit,,,,,,Color,Navy,Size,XL,,,,0,,1,deny,manual,119.00,,true,true,
leon-knit,,,,,,Color,Navy,Size,XXL,,,,0,,1,deny,manual,119.00,,true,true,
leon-knit,,,,,,Color,Burnt Red,Size,S,,,,0,,1,deny,manual,119.00,,true,true,
leon-knit,,,,,,Color,Burnt Red,Size,M,,,,0,,1,deny,manual,119.00,,true,true,
leon-knit,,,,,,Color,Burnt Red,Size,L,,,,0,,1,deny,manual,119.00,,true,true,
leon-knit,,,,,,Color,Burnt Red,Size,XL,,,,0,,1,deny,manual,119.00,,true,true,
leon-knit,,,,,,Color,Burnt Red,Size,XXL,,,,0,,1,deny,manual,119.00,,true,true,
leon-knit,,,,,,Color,Burnt Green,Size,S,,,,0,,1,deny,manual,119.00,,true,true,
leon-knit,,,,,,Color,Burnt Green,Size,M,,,,0,,1,deny,manual,119.00,,true,true,
leon-knit,,,,,,Color,Burnt Green,Size,L,,,,0,,1,deny,manual,119.00,,true,true,
leon-knit,,,,,,Color,Burnt Green,Size,XL,,,,0,,1,deny,manual,119.00,,true,true,
leon-knit,,,,,,Color,Burnt Green,Size,XXL,,,,0,,1,deny,manual,119.00,,true,true,
leon-true-knit,Leon True Knit,,Three Over One,Knit,Mens,Color,Green Neps,Size,S,,,,0,,1,deny,manual,0.00,,true,true,http://cdn.shopify.com/s/files/1/0152/2551/products/118_Leon_True_Knit_Green_Neps_Front.jpeg?2471
leon-true-knit,,,,,,Color,Green Neps,Size,M,,,,0,,1,deny,manual,0.00,,true,true,http://cdn.shopify.com/s/files/1/0152/2551/products/121_Leon_True_Knit_Green_Neps_Back.jpeg?2471
leon-true-knit,,,,,,Color,Green Neps,Size,L,,,,0,,1,deny,manual,0.00,,true,true,
leon-true-knit,,,,,,Color,Green Neps,Size,XL,,,,0,,1,deny,manual,0.00,,true,true,
leon-true-knit,,,,,,Color,Green Neps,Size,XXL,,,,0,,1,deny,manual,0.00,,true,true,
lorene-athletic-sweat,Lorene Athletic Sweat,"Slim fit mens style crew neck sweatshirt.Ribbed side panels, vee insert, ribbed cuffs and hem and woven fabric back hanger loop100% marled cotton loop back mid weight sweat fabricHeavily garment washed for softnessMade in China",Three Over One,Sweatshirt,Womens,Color,Navy Marl,Size,XS,,,,0,,1,deny,manual,149.00,,true,true,http://cdn.shopify.com/s/files/1/0152/2551/products/307_Lorene_Athletic_Sweat_Grey_Marl_Front.jpeg?2471
lorene-athletic-sweat,,,,,,Color,Navy Marl,Size,S,,,,0,,1,deny,manual,149.00,,true,true,http://cdn.shopify.com/s/files/1/0152/2551/products/308_Lorene_Athletic_Sweat_Grey_Marl_Back.jpeg?2471
lorene-athletic-sweat,,,,,,Color,Navy Marl,Size,M,,,,0,,1,deny,manual,149.00,,true,true,http://cdn.shopify.com/s/files/1/0152/2551/products/310_Lorene_Athletic_Sweat_Navy_Marl_Front.jpeg?2471
lorene-athletic-sweat,,,,,,Color,Navy Marl,Size,L,,,,0,,1,deny,manual,149.00,,true,true,http://cdn.shopify.com/s/files/1/0152/2551/products/311__Lorene_Athletic_Sweat_Navy_Marl_Back.jpeg?2471
lorene-athletic-sweat,,,,,,Color,Grey Marl,Size,XS,,,,0,,1,deny,manual,149.00,,true,true,
lorene-athletic-sweat,,,,,,Color,Grey Marl,Size,S,,,,0,,1,deny,manual,149.00,,true,true,
lorene-athletic-sweat,,,,,,Color,Grey Marl,Size,M,,,,0,,1,deny,manual,149.00,,true,true,
lorene-athletic-sweat,,,,,,Color,Grey Marl,Size,L,,,,0,,1,deny,manual,149.00,,true,true,
milton-shirt,Milton Shirt,,Three Over One,Shirt,Mens,Color,Default Title,,,,,,0,,1,deny,manual,0.00,,true,true,
mini-floral-print-tie,Mini Floral Print Tie,,Three Over One,Tie,Mens,Color,Default Title,,,,,,0,,1,deny,manual,0.00,,true,true,
polka-dot-tie,Polka Dot Tie,,Three Over One,Tie,Mens,Color,Default Title,,,,,,0,,1,deny,manual,0.00,,true,true,
ray-atheletic-tee,Ray Atheletic Tee,"Relaxed fit crew neck tee.Ribbed vee insert and woven back neck tape100% marled lightweight loop back cotton sweat fabricHeavily garment washed for softnessMade in China",Three Over One,T Shirt,Mens,Color,Grey Marl,Size,S,,,,0,,1,deny,manual,109.00,,true,true,http://cdn.shopify.com/s/files/1/0152/2551/products/163_Ray_Athletic_Tee_Grey_Marl_Front.jpeg?2471
ray-atheletic-tee,,,,,,Color,Grey Marl,Size,M,,,,0,,1,deny,manual,109.00,,true,true,http://cdn.shopify.com/s/files/1/0152/2551/products/164_Ray_Athletic_Tee_Grey_Marl_Back.jpeg?2471
ray-atheletic-tee,,,,,,Color,Grey Marl,Size,L,,,,0,,1,deny,manual,109.00,,true,true,http://cdn.shopify.com/s/files/1/0152/2551/products/166_Ray_Athletic_Tee_Navy_Marl_Front.jpeg?2471
ray-atheletic-tee,,,,,,Color,Grey Marl,Size,XL,,,,0,,1,deny,manual,109.00,,true,true,http://cdn.shopify.com/s/files/1/0152/2551/products/167_Ray_Athletic_Tee_Navy_Marl_Back.jpeg?2471
ray-atheletic-tee,,,,,,Color,Grey Marl,Size,XXL,,,,0,,1,deny,manual,109.00,,true,true,http://cdn.shopify.com/s/files/1/0152/2551/products/172_Ray_Athletic_Tee_Burnt_Red_Marl_Front.jpeg?2471
ray-atheletic-tee,,,,,,Color,Navy Marl,Size,S,,,,0,,1,deny,manual,109.00,,true,true,http://cdn.shopify.com/s/files/1/0152/2551/products/174_Ray_Athletic_Tee_Burnt_Red_Marl_Back.jpeg?2471
ray-atheletic-tee,,,,,,Color,Navy Marl,Size,M,,,,0,,1,deny,manual,109.00,,true,true,
ray-atheletic-tee,,,,,,Color,Navy Marl,Size,L,,,,0,,1,deny,manual,109.00,,true,true,
ray-atheletic-tee,,,,,,Color,Navy Marl,Size,XL,,,,0,,1,deny,manual,109.00,,true,true,
ray-atheletic-tee,,,,,,Color,Navy Marl,Size,XXL,,,,0,,1,deny,manual,109.00,,true,true,
ray-atheletic-tee,,,,,,Color,Burnt Red Marl,Size,S,,,,0,,1,deny,manual,109.00,,true,true,
ray-atheletic-tee,,,,,,Color,Burnt Red Marl,Size,M,,,,0,,1,deny,manual,109.00,,true,true,
ray-atheletic-tee,,,,,,Color,Burnt Red Marl,Size,L,,,,0,,1,deny,manual,109.00,,true,true,
ray-atheletic-tee,,,,,,Color,Burnt Red Marl,Size,XL,,,,0,,1,deny,manual,109.00,,true,true,
ray-atheletic-tee,,,,,,Color,Burnt Red Marl,Size,XXL,,,,0,,1,deny,manual,109.00,,true,true,
reginald-athletic-sweat,Reginald Athletic Sweat,"Slim fit crew neck sweatshirt.Ribbed side panels, vee insert, ribbed cuffs and hem and woven fabric back hanger loop100% marled cotton loop back mid weight sweat fabricHeavily garment washed for softnessMade in China",Three Over One,Sweatshirt,Mens,Color,Navy Marl,Size,S,,,,0,,1,deny,manual,139.00,,true,true,http://cdn.shopify.com/s/files/1/0152/2551/products/190_Reginald_Athletic_Sweat_Natural_Marl_Front.jpeg?2471
reginald-athletic-sweat,,,,,,Color,Navy Marl,Size,M,,,,0,,1,deny,manual,139.00,,true,true,http://cdn.shopify.com/s/files/1/0152/2551/products/191_Reginald_Athletic_Sweat_Natural_Marl_Back.jpeg?2471
reginald-athletic-sweat,,,,,,Color,Navy Marl,Size,L,,,,0,,1,deny,manual,139.00,,true,true,http://cdn.shopify.com/s/files/1/0152/2551/products/193_Reginald_Athletic_Sweat_Green_Marl_Front.jpeg?2471
reginald-athletic-sweat,,,,,,Color,Navy Marl,Size,XL,,,,0,,1,deny,manual,139.00,,true,true,http://cdn.shopify.com/s/files/1/0152/2551/products/194_Reginald_Athletic_Sweat_Green_Marl_Back.jpeg?2471
reginald-athletic-sweat,,,,,,Color,Navy Marl,Size,XXL,,,,0,,1,deny,manual,139.00,,true,true,http://cdn.shopify.com/s/files/1/0152/2551/products/197_Reginald_Athletic_Sweat_Burnt_Red_Marl_Front.jpeg?2471
reginald-athletic-sweat,,,,,,Color,Grey Marl,Size,S,,,,0,,1,deny,manual,139.00,,true,true,http://cdn.shopify.com/s/files/1/0152/2551/products/196_Reginald_Athletic_Sweat_Burnt_Red_Marl_Back.jpeg?2471
reginald-athletic-sweat,,,,,,Color,Grey Marl,Size,M,,,,0,,1,deny,manual,139.00,,true,true,http://cdn.shopify.com/s/files/1/0152/2551/products/200_Reginald_Athletic_Sweat_Burnt_Orange_Marl_Front.jpeg?2471
reginald-athletic-sweat,,,,,,Color,Grey Marl,Size,L,,,,0,,1,deny,manual,139.00,,true,true,http://cdn.shopify.com/s/files/1/0152/2551/products/202_Reginald_Athletic_Sweat_Burnt_Orange_Marl_Back.jpeg?2471
reginald-athletic-sweat,,,,,,Color,Grey Marl,Size,XL,,,,0,,1,deny,manual,139.00,,true,true,http://cdn.shopify.com/s/files/1/0152/2551/products/203_Reginald_Athletic_Sweat_Grey_Marl_Front.jpeg?2471
reginald-athletic-sweat,,,,,,Color,Grey Marl,Size,XXL,,,,0,,1,deny,manual,139.00,,true,true,http://cdn.shopify.com/s/files/1/0152/2551/products/205_Reginald_Athletic_Sweat_Grey_Marl_Back.jpeg?2471
reginald-athletic-sweat,,,,,,Color,Burnt Green Marl,Size,S,,,,0,,1,deny,manual,139.00,,true,true,http://cdn.shopify.com/s/files/1/0152/2551/products/206_Reginald_Athletic_Sweat_Navy_Marl_Front.jpeg?2471
reginald-athletic-sweat,,,,,,Color,Burnt Green Marl,Size,M,,,,0,,1,deny,manual,139.00,,true,true,http://cdn.shopify.com/s/files/1/0152/2551/products/207_Reginald_Athletic_Sweat_Navy_Marl_Back.jpeg?2471
reginald-athletic-sweat,,,,,,Color,Burnt Green Marl,Size,L,,,,0,,1,deny,manual,139.00,,true,true,
reginald-athletic-sweat,,,,,,Color,Burnt Green Marl,Size,XL,,,,0,,1,deny,manual,139.00,,true,true,
reginald-athletic-sweat,,,,,,Color,Burnt Green Marl,Size,XXL,,,,0,,1,deny,manual,139.00,,true,true,
reginald-athletic-sweat,,,,,,Color,Burnt Red Marl,Size,S,,,,0,,1,deny,manual,139.00,,true,true,
reginald-athletic-sweat,,,,,,Color,Burnt Red Marl,Size,M,,,,0,,1,deny,manual,139.00,,true,true,
reginald-athletic-sweat,,,,,,Color,Burnt Red Marl,Size,L,,,,0,,1,deny,manual,139.00,,true,true,
reginald-athletic-sweat,,,,,,Color,Burnt Red Marl,Size,XL,,,,0,,1,deny,manual,139.00,,true,true,
reginald-athletic-sweat,,,,,,Color,Burnt Red Marl,Size,XXL,,,,0,,1,deny,manual,139.00,,true,true,
reginald-athletic-sweat,,,,,,Color,Burnt Orange Marl,Size,S,,,,0,,1,deny,manual,139.00,,true,true,
reginald-athletic-sweat,,,,,,Color,Burnt Orange Marl,Size,M,,,,0,,1,deny,manual,139.00,,true,true,
reginald-athletic-sweat,,,,,,Color,Burnt Orange Marl,Size,L,,,,0,,1,deny,manual,139.00,,true,true,
reginald-athletic-sweat,,,,,,Color,Burnt Orange Marl,Size,XL,,,,0,,1,deny,manual,139.00,,true,true,
reginald-athletic-sweat,,,,,,Color,Burnt Orange Marl,Size,XXL,,,,0,,1,deny,manual,139.00,,true,true,
rosemary-athletic-sweat,Rosemary Athletic Sweat,"Slim fit mens style crew neck sweatshirt.Ribbed side panels, vee insert, ribbed cuffs and hem and woven fabric back hanger loop100% marled cotton loop back mid weight sweat fabricHeavily garment washed for softnessMade in China",Three Over One,Sweatshirt,Womens,Color,Natural Marl,Size,XS,,,,0,,1,deny,manual,139.00,,true,true,http://cdn.shopify.com/s/files/1/0152/2551/products/304_Rosemary_Athletic_Sweat_Grey_Marl_Front.jpeg?2471
rosemary-athletic-sweat,,,,,,Color,Natural Marl,Size,S,,,,0,,1,deny,manual,139.00,,true,true,http://cdn.shopify.com/s/files/1/0152/2551/products/305_Rosemary_Athletic_Sweat_Grey_Marl_Back.jpeg?2471
rosemary-athletic-sweat,,,,,,Color,Natural Marl,Size,M,,,,0,,1,deny,manual,139.00,,true,true,http://cdn.shopify.com/s/files/1/0152/2551/products/302_Rosemary_Athletic_Sweat_Natural_Marl_Front.jpeg?2471
rosemary-athletic-sweat,,,,,,Color,Natural Marl,Size,L,,,,0,,1,deny,manual,139.00,,true,true,http://cdn.shopify.com/s/files/1/0152/2551/products/303_Rosemary_Athletic_Sweat_Natural_Marl_Back.jpeg?2471
rosemary-athletic-sweat,,,,,,Color,Grey Marl,Size,XS,,,,0,,1,deny,manual,139.00,,true,true,
rosemary-athletic-sweat,,,,,,Color,Grey Marl,Size,S,,,,0,,1,deny,manual,139.00,,true,true,
rosemary-athletic-sweat,,,,,,Color,Grey Marl,Size,M,,,,0,,1,deny,manual,139.00,,true,true,
rosemary-athletic-sweat,,,,,,Color,Grey Marl,Size,L,,,,0,,1,deny,manual,139.00,,true,true,
roy-pocket-tee,Roy Pocket Tee,"Slim fit crew neck tee.Woven fabric chest pocket and back neck lining100% cotton jersey fabric.Heavily garment washed for softness.Made in China.",Three Over One,T Shirt,Mens,Color,White,Size,S,,,,0,,1,deny,manual,79.00,,true,true,http://cdn.shopify.com/s/files/1/0152/2551/products/237_Roy_Pocket_Tee_Burnt_Red_Front.jpeg?2471
roy-pocket-tee,,,,,,Color,White,Size,M,,,,0,,1,deny,manual,79.00,,true,true,http://cdn.shopify.com/s/files/1/0152/2551/products/238_Roy_Pocket_Tee_Burnt_Red_Back.jpeg?2471
roy-pocket-tee,,,,,,Color,White,Size,L,,,,0,,1,deny,manual,79.00,,true,true,http://cdn.shopify.com/s/files/1/0152/2551/products/228_Roy_Pocket_Tee_Burnt_Green_Front.jpeg?2471
roy-pocket-tee,,,,,,Color,White,Size,XL,,,,0,,1,deny,manual,79.00,,true,true,http://cdn.shopify.com/s/files/1/0152/2551/products/230_Roy_Pocket_Tee_Burnt_Green_Back.jpeg?2471
roy-pocket-tee,,,,,,Color,White,Size,XXL,,,,0,,1,deny,manual,79.00,,true,true,http://cdn.shopify.com/s/files/1/0152/2551/products/231_Roy_Pocket_Tee_Navy_Front.jpeg?2471
roy-pocket-tee,,,,,,Color,Navy,Size,S,,,,0,,1,deny,manual,79.00,,true,true,http://cdn.shopify.com/s/files/1/0152/2551/products/232_Roy_Pocket_Tee_Navy_Back.jpeg?2471
roy-pocket-tee,,,,,,Color,Navy,Size,M,,,,0,,1,deny,manual,79.00,,true,true,http://cdn.shopify.com/s/files/1/0152/2551/products/233_Roy_Pocket_Tee_White_Front.jpeg?2471
roy-pocket-tee,,,,,,Color,Navy,Size,L,,,,0,,1,deny,manual,79.00,,true,true,http://cdn.shopify.com/s/files/1/0152/2551/products/234_Roy_Pocket_Tee_White_Back.jpeg?2471
roy-pocket-tee,,,,,,Color,Navy,Size,XL,,,,0,,1,deny,manual,79.00,,true,true,http://cdn.shopify.com/s/files/1/0152/2551/products/234_Roy_Pocket_Tee_White_Back_1.jpeg?2471
roy-pocket-tee,,,,,,Color,Navy,Size,XXL,,,,0,,1,deny,manual,79.00,,true,true,http://cdn.shopify.com/s/files/1/0152/2551/products/235_Roy_Pocket_Tee_Grey_Marl_Front.jpeg?2471
roy-pocket-tee,,,,,,Color,Grey Marl,Size,S,,,,0,,1,deny,manual,79.00,,true,true,
roy-pocket-tee,,,,,,Color,Grey Marl,Size,M,,,,0,,1,deny,manual,79.00,,true,true,
roy-pocket-tee,,,,,,Color,Grey Marl,Size,L,,,,0,,1,deny,manual,79.00,,true,true,
roy-pocket-tee,,,,,,Color,Grey Marl,Size,XL,,,,0,,1,deny,manual,79.00,,true,true,
roy-pocket-tee,,,,,,Color,Grey Marl,Size,XXL,,,,0,,1,deny,manual,79.00,,true,true,
roy-pocket-tee,,,,,,Color,Burnt Green,Size,S,,,,0,,1,deny,manual,79.00,,true,true,
roy-pocket-tee,,,,,,Color,Burnt Green,Size,M,,,,0,,1,deny,manual,79.00,,true,true,
roy-pocket-tee,,,,,,Color,Burnt Green,Size,L,,,,0,,1,deny,manual,79.00,,true,true,
roy-pocket-tee,,,,,,Color,Burnt Green,Size,XL,,,,0,,1,deny,manual,79.00,,true,true,
roy-pocket-tee,,,,,,Color,Burnt Green,Size,XXL,,,,0,,1,deny,manual,79.00,,true,true,
roy-pocket-tee,,,,,,Color,Burnt Red,Size,S,,,,0,,1,deny,manual,79.00,,true,true,
roy-pocket-tee,,,,,,Color,Burnt Red,Size,M,,,,0,,1,deny,manual,79.00,,true,true,
roy-pocket-tee,,,,,,Color,Burnt Red,Size,L,,,,0,,1,deny,manual,79.00,,true,true,
roy-pocket-tee,,,,,,Color,Burnt Red,Size,XL,,,,0,,1,deny,manual,79.00,,true,true,
roy-pocket-tee,,,,,,Color,Burnt Red,Size,XXL,,,,0,,1,deny,manual,79.00,,true,true,
samuel-under-shirt,Samuel Under Shirt,"Slim fit button neck top.Raw edge hem, deep cuffs and woven fabric back hanger loop and inner neck lining100% ribbed mid weight jersey fabricReal corozo buttonsHeavily garment washed for softnessMade in China",Three Over One,Undershirt,Mens,Color,Navy,Size,S,,,,0,,1,deny,manual,99.00,,true,true,http://cdn.shopify.com/s/files/1/0152/2551/products/214_Samuel_Under_Shirt_Navy_Front.jpeg?2471
samuel-under-shirt,,,,,,Color,Navy,Size,M,,,,0,,1,deny,manual,99.00,,true,true,http://cdn.shopify.com/s/files/1/0152/2551/products/215_Samuel_Under_Shirt_Navy_Back.jpeg?2471
samuel-under-shirt,,,,,,Color,Navy,Size,L,,,,0,,1,deny,manual,99.00,,true,true,http://cdn.shopify.com/s/files/1/0152/2551/products/217_Samuel_Under_Shirt_Off_White_Front.jpeg?2471
samuel-under-shirt,,,,,,Color,Navy,Size,XL,,,,0,,1,deny,manual,99.00,,true,true,http://cdn.shopify.com/s/files/1/0152/2551/products/217_Samuel_Under_Shirt_Off_White_Front_1.jpeg?2471
samuel-under-shirt,,,,,,Color,Navy,Size,XXL,,,,0,,1,deny,manual,99.00,,true,true,
samuel-under-shirt,,,,,,Color,Off White,Size,S,,,,0,,1,deny,manual,99.00,,true,true,
samuel-under-shirt,,,,,,Color,Off White,Size,M,,,,0,,1,deny,manual,99.00,,true,true,
samuel-under-shirt,,,,,,Color,Off White,Size,L,,,,0,,1,deny,manual,99.00,,true,true,
samuel-under-shirt,,,,,,Color,Off White,Size,XL,,,,0,,1,deny,manual,99.00,,true,true,
samuel-under-shirt,,,,,,Color,Off White,Size,XXL,,,,0,,1,deny,manual,99.00,,true,true,
samuel-under-shirt-stripe,Samuel Under Shirt,"Slim fit button neck top.Raw edge hem, deep cuffs and woven fabric back hanger loop and inner neck lining100% ribbed mid weight jersey fabricReal corozo buttonsHeavily garment washed for softnessMade in China",Three Over One,Undershirt,Mens,Color,Off White/Navy Stripe,Size,S,,,,0,,1,deny,manual,99.00,,true,true,http://cdn.shopify.com/s/files/1/0152/2551/products/211_Samuel_Under_Shirt_Off_White_and_Navy_Stripe_Front.jpeg?2471
samuel-under-shirt-stripe,,,,,,Color,Off White/Navy Stripe,Size,M,,,,0,,1,deny,manual,99.00,,true,true,http://cdn.shopify.com/s/files/1/0152/2551/products/212_Samuel_Under_Shirt_Off_White_and_Navy_Stripe_Back.jpeg?2471
samuel-under-shirt-stripe,,,,,,Color,Off White/Navy Stripe,Size,L,,,,0,,1,deny,manual,99.00,,true,true,
samuel-under-shirt-stripe,,,,,,Color,Off White/Navy Stripe,Size,XL,,,,0,,1,deny,manual,99.00,,true,true,
samuel-under-shirt-stripe,,,,,,Color,Off White/Navy Stripe,Size,XXL,,,,0,,1,deny,manual,99.00,,true,true,
shirley-shirt-blue-oxford-stripe,Shirley Blue Oxford Stripe Shirt,"Slim fit mens style crew neck sweatshirt.Ribbed side panels, vee insert, ribbed cuffs and hem and woven fabric back hanger loop100% marled cotton loop back mid weight sweat fabricHeavily garment washed for softnessMade in China",Three Over One,Shirt,Womens,Color,Blue Oxford Stripe,Size,XS,,,,0,,1,deny,manual,179.00,,true,true,http://cdn.shopify.com/s/files/1/0152/2551/products/334_Shirley_Shirt_Blue_Oxford_Stripe_Front.jpeg?2471
shirley-shirt-blue-oxford-stripe,,,,,,Color,Blue Oxford Stripe,Size,S,,,,0,,1,deny,manual,179.00,,true,true,http://cdn.shopify.com/s/files/1/0152/2551/products/335_Shirley_Shirt_Blue_Oxford_Stripe_Back.jpeg?2471
shirley-shirt-blue-oxford-stripe,,,,,,Color,Blue Oxford Stripe,Size,M,,,,0,,1,deny,manual,179.00,,true,true,
shirley-shirt-blue-oxford-stripe,,,,,,Color,Blue Oxford Stripe,Size,L,,,,0,,1,deny,manual,179.00,,true,true,
shirley-shirt-green-oxford-stripe,Shirley Green Oxford Stripe Shirt,"Slim fit mens style crew neck sweatshirt.Ribbed side panels, vee insert, ribbed cuffs and hem and woven fabric back hanger loop100% marled cotton loop back mid weight sweat fabricHeavily garment washed for softnessMade in China",Three Over One,Shirt,Womens,Color,Green Oxford Stripe,Size,XS,,,,0,,1,deny,manual,179.00,,true,true,http://cdn.shopify.com/s/files/1/0152/2551/products/332_Shirley_Shirt_Green_Oxford_Stripe_Front.jpeg?2471
shirley-shirt-green-oxford-stripe,,,,,,Color,Green Oxford Stripe,Size,S,,,,0,,1,deny,manual,179.00,,true,true,http://cdn.shopify.com/s/files/1/0152/2551/products/333_Shirley_Shirt_Green_Oxford_Stripe_Back.jpeg?2471
shirley-shirt-green-oxford-stripe,,,,,,Color,Green Oxford Stripe,Size,M,,,,0,,1,deny,manual,179.00,,true,true,
shirley-shirt-green-oxford-stripe,,,,,,Color,Green Oxford Stripe,Size,L,,,,0,,1,deny,manual,179.00,,true,true,
shirley-shirt-navy-floral,Shirley Navy Rose Floral Shirt,"Slim fit mens style crew neck sweatshirt.Ribbed side panels, vee insert, ribbed cuffs and hem and woven fabric back hanger loop100% marled cotton loop back mid weight sweat fabricHeavily garment washed for softnessMade in China",Three Over One,Shirt,Womens,Color,Navy Rose Floral Print,Size,XS,,,,0,,1,deny,manual,179.00,,true,true,http://cdn.shopify.com/s/files/1/0152/2551/products/325_Shirley_Shirt_Navy_Rose_Floral_Front.jpeg?2471
shirley-shirt-navy-floral,,,,,,Color,Navy Rose Floral Print,Size,S,,,,0,,1,deny,manual,179.00,,true,true,http://cdn.shopify.com/s/files/1/0152/2551/products/326_Shirley_Shirt_Navy_Rose_Floral_Back.jpeg?2471
shirley-shirt-navy-floral,,,,,,Color,Navy Rose Floral Print,Size,M,,,,0,,1,deny,manual,179.00,,true,true,
shirley-shirt-navy-floral,,,,,,Color,Navy Rose Floral Print,Size,L,,,,0,,1,deny,manual,179.00,,true,true,
shirley-shirt-pink-oxford,Shirley Pink Oxford Shirt,"Slim fit mens style crew neck sweatshirt.Ribbed side panels, vee insert, ribbed cuffs and hem and woven fabric back hanger loop100% marled cotton loop back mid weight sweat fabricHeavily garment washed for softnessMade in China",Three Over One,Shirt,Womens,Color,Pink Oxford,Size,XS,,,,0,,1,deny,manual,179.00,,true,true,http://cdn.shopify.com/s/files/1/0152/2551/products/328_Shirley_Shirt_Pink_Oxford_Front.jpeg?2471
shirley-shirt-pink-oxford,,,,,,Color,Pink Oxford,Size,S,,,,0,,1,deny,manual,179.00,,true,true,http://cdn.shopify.com/s/files/1/0152/2551/products/329_Shirley_Shirt_Pink_Oxford_Back.jpeg?2471
shirley-shirt-pink-oxford,,,,,,Color,Pink Oxford,Size,M,,,,0,,1,deny,manual,179.00,,true,true,
shirley-shirt-pink-oxford,,,,,,Color,Pink Oxford,Size,L,,,,0,,1,deny,manual,179.00,,true,true,
shirley-shirt-white-oxford,Shirley White Oxford Shirt,"Slim fit mens style crew neck sweatshirt.Ribbed side panels, vee insert, ribbed cuffs and hem and woven fabric back hanger loop100% marled cotton loop back mid weight sweat fabricHeavily garment washed for softnessMade in China",Three Over One,Shirt,Womens,Color,White Oxford,Size,XS,,,,0,,1,deny,manual,179.00,,true,true,http://cdn.shopify.com/s/files/1/0152/2551/products/330_Shirley_Shirt_White_Oxford_Front.jpeg?2471
shirley-shirt-white-oxford,,,,,,Color,White Oxford,Size,S,,,,0,,1,deny,manual,179.00,,true,true,http://cdn.shopify.com/s/files/1/0152/2551/products/331_Shirley_Shirt_White_Oxford_Back.jpeg?2471
shirley-shirt-white-oxford,,,,,,Color,White Oxford,Size,M,,,,0,,1,deny,manual,179.00,,true,true,
shirley-shirt-white-oxford,,,,,,Color,White Oxford,Size,L,,,,0,,1,deny,manual,179.00,,true,true,
stanley-shirt-black-paisley,Stanley Black & Orange Paisley Shirt,"Slim fit shirtPatch pocket at chest, button front, button down collar, gathered back yoke, darted back and woven fabric inner collar stand, inner cuffs and back hanger loop 100% Japanese mid weight cotton fabricReal shell buttonsHeavily garment washed for softnessMade in Australia",Three Over One,Shirt,Mens,Color,Black and Orange Paisley Print,Size,S,,,,0,,1,deny,manual,179.00,,true,true,http://cdn.shopify.com/s/files/1/0152/2551/products/258_Stanley_Shirt_Black_and_Orange_Paisley_Front.jpeg?2471
stanley-shirt-black-paisley,,,,,,Color,Black and Orange Paisley Print,Size,M,,,,0,,1,deny,manual,179.00,,true,true,http://cdn.shopify.com/s/files/1/0152/2551/products/260_Stanley_Shirt_Black_and_Orange_Paisley_Back.jpeg?2471
stanley-shirt-black-paisley,,,,,,Color,Black and Orange Paisley Print,Size,L,,,,0,,1,deny,manual,179.00,,true,true,
stanley-shirt-black-paisley,,,,,,Color,Black and Orange Paisley Print,Size,XL,,,,0,,1,deny,manual,179.00,,true,true,
stanley-shirt-black-paisley,,,,,,Color,Black and Orange Paisley Print,Size,XXL,,,,0,,1,deny,manual,179.00,,true,true,
stanley-shirt-blue-paisley,Stanley Blue & Yellow Paisley Shirt,"Slim fit shirtPatch pocket at chest, button front, button down collar, gathered back yoke, darted back and woven fabric inner collar stand, inner cuffs and back hanger loop 100% Japanese mid weight cotton fabricReal shell buttonsHeavily garment washed for softnessMade in Australia",Three Over One,Shirt,Mens,Color,Blue and Yellow Paisley Print,Size,S,,,,0,,1,deny,manual,179.00,,true,true,http://cdn.shopify.com/s/files/1/0152/2551/products/262_Stanley_Shirt_Blue_and_Yellow_Paisley_Front.jpeg?2471
stanley-shirt-blue-paisley,,,,,,Color,Blue and Yellow Paisley Print,Size,M,,,,0,,1,deny,manual,179.00,,true,true,http://cdn.shopify.com/s/files/1/0152/2551/products/263_Stanley_Shirt_Blue_and_Yellow_Paisley_Back.jpeg?2471
stanley-shirt-blue-paisley,,,,,,Color,Blue and Yellow Paisley Print,Size,L,,,,0,,1,deny,manual,179.00,,true,true,
stanley-shirt-blue-paisley,,,,,,Color,Blue and Yellow Paisley Print,Size,XL,,,,0,,1,deny,manual,179.00,,true,true,
stanley-shirt-blue-paisley,,,,,,Color,Blue and Yellow Paisley Print,Size,XXL,,,,0,,1,deny,manual,179.00,,true,true,
stanley-shirt-blue-oxford,Stanley Blue Oxford Shirt,"Slim fit shirtPatch pocket at chest, button front, button down collar, gathered back yoke, darted back and woven fabric inner collar stand, inner cuffs and back hanger loop 100% Japanese mid weight cotton fabricReal shell buttonsHeavily garment washed for softnessMade in Australia",Three Over One,Shirt,Mens,Color,Blue Oxford,Size,S,,,,0,,1,deny,manual,279.00,,true,true,http://cdn.shopify.com/s/files/1/0152/2551/products/293_Stanley_Shirt_Blue_Oxford_Front.jpeg?2471
stanley-shirt-blue-oxford,,,,,,Color,Blue Oxford,Size,M,,,,0,,1,deny,manual,279.00,,true,true,http://cdn.shopify.com/s/files/1/0152/2551/products/294_Stanley_Shirt_Blue_Oxford_Back.jpeg?2471
stanley-shirt-blue-oxford,,,,,,Color,Blue Oxford,Size,L,,,,0,,1,deny,manual,279.00,,true,true,
stanley-shirt-blue-oxford,,,,,,Color,Blue Oxford,Size,XL,,,,0,,1,deny,manual,279.00,,true,true,
stanley-shirt-blue-oxford,,,,,,Color,Blue Oxford,Size,XXL,,,,0,,1,deny,manual,279.00,,true,true,
stanley-shirt-red-floral,Stanley Burnt Red Rose Floral Shirt,"Slim fit shirtPatch pocket at chest, button front, button down collar, gathered back yoke, darted back and woven fabric inner collar stand, inner cuffs and back hanger loop 100% Japanese mid weight cotton fabricReal shell buttonsHeavily garment washed for softnessMade in Australia",Three Over One,Shirt,Mens,Color,Burnt Red Rose Floral Print,Size,S,,,,0,,1,deny,manual,179.00,,true,true,http://cdn.shopify.com/s/files/1/0152/2551/products/265_Stanley_Shirt_Burnt_Red_Rose_Floral_Front.jpeg?2471
stanley-shirt-red-floral,,,,,,Color,Burnt Red Rose Floral Print,Size,M,,,,0,,1,deny,manual,179.00,,true,true,http://cdn.shopify.com/s/files/1/0152/2551/products/266_Stanley_Shirt_Burnt_Red_Rose_Floral_Back.jpeg?2471
stanley-shirt-red-floral,,,,,,Color,Burnt Red Rose Floral Print,Size,L,,,,0,,1,deny,manual,179.00,,true,true,
stanley-shirt-red-floral,,,,,,Color,Burnt Red Rose Floral Print,Size,XL,,,,0,,1,deny,manual,179.00,,true,true,
stanley-shirt-red-floral,,,,,,Color,Burnt Red Rose Floral Print,Size,XXL,,,,0,,1,deny,manual,179.00,,true,true,
stanley-shirt-dark-denim,Stanley Dark Wash Denim Shirt,"Slim fit shirtPatch pocket at chest, button front, button down collar, gathered back yoke, darted back and woven fabric inner collar stand, inner cuffs and back hanger loop 100% Japanese mid weight cotton fabricReal shell buttonsHeavily garment washed for softnessMade in Australia",Three Over One,Shirt,Mens,Color,Dark Wash Denim,Size,S,,,,0,,1,deny,manual,279.00,,true,true,http://cdn.shopify.com/s/files/1/0152/2551/products/291_Stanley_Shirt_Dark_Wash_Denim_Front.jpeg?2471
stanley-shirt-dark-denim,,,,,,Color,Dark Wash Denim,Size,M,,,,0,,1,deny,manual,279.00,,true,true,http://cdn.shopify.com/s/files/1/0152/2551/products/292_Stanley_Shirt_Dark_Wash_Denim_Back.jpeg?2471
stanley-shirt-dark-denim,,,,,,Color,Dark Wash Denim,Size,L,,,,0,,1,deny,manual,279.00,,true,true,
stanley-shirt-dark-denim,,,,,,Color,Dark Wash Denim,Size,XL,,,,0,,1,deny,manual,279.00,,true,true,
stanley-shirt-dark-denim,,,,,,Color,Dark Wash Denim,Size,XXL,,,,0,,1,deny,manual,279.00,,true,true,
stanley-shirt-large-blue-check,Stanley Large Blue Check Shirt,"Slim fit shirtPatch pocket at chest, button front, button down collar, gathered back yoke, darted back and woven fabric inner collar stand, inner cuffs and back hanger loop 100% Japanese mid weight cotton fabricReal shell buttonsHeavily garment washed for softnessMade in Australia",Three Over One,Shirt,Mens,Color,Large Blue Check,Size,S,,,,0,,1,deny,manual,189.00,,true,true,http://cdn.shopify.com/s/files/1/0152/2551/products/279_Stanley_Shirt_Large_Blue_Check_Front.jpeg?2471
stanley-shirt-large-blue-check,,,,,,Color,Large Blue Check,Size,M,,,,0,,1,deny,manual,189.00,,true,true,http://cdn.shopify.com/s/files/1/0152/2551/products/285_Stanley_Shirt_Large_Blue_Check_Back.jpeg?2471
stanley-shirt-large-blue-check,,,,,,Color,Large Blue Check,Size,L,,,,0,,1,deny,manual,189.00,,true,true,
stanley-shirt-large-blue-check,,,,,,Color,Large Blue Check,Size,XL,,,,0,,1,deny,manual,189.00,,true,true,
stanley-shirt-large-blue-check,,,,,,Color,Large Blue Check,Size,XXL,,,,0,,1,deny,manual,189.00,,true,true,
stanley-shirt-large-orange-check,Stanley Large Orange Check Shirt,"Slim fit shirtPatch pocket at chest, button front, button down collar, gathered back yoke, darted back and woven fabric inner collar stand, inner cuffs and back hanger loop 100% Japanese mid weight cotton fabricReal shell buttonsHeavily garment washed for softnessMade in Australia",Three Over One,Shirt,Mens,Color,Large Orange Check,Size,S,,,,0,,1,deny,manual,189.00,,true,true,http://cdn.shopify.com/s/files/1/0152/2551/products/270_Stanley_Shirt_Large_Orange_Check_Front.jpeg?2471
stanley-shirt-large-orange-check,,,,,,Color,Large Orange Check,Size,M,,,,0,,1,deny,manual,189.00,,true,true,http://cdn.shopify.com/s/files/1/0152/2551/products/276_Stanley_Shirt_Large_Orange_Check_Back.jpeg?2471
stanley-shirt-large-orange-check,,,,,,Color,Large Orange Check,Size,L,,,,0,,1,deny,manual,189.00,,true,true,
stanley-shirt-large-orange-check,,,,,,Color,Large Orange Check,Size,XL,,,,0,,1,deny,manual,189.00,,true,true,
stanley-shirt-large-orange-check,,,,,,Color,Large Orange Check,Size,XXL,,,,0,,1,deny,manual,189.00,,true,true,
stanley-shirt-light-denim,Stanley Light Wash Denim Shirt,"Slim fit shirtPatch pocket at chest, button front, button down collar, gathered back yoke, darted back and woven fabric inner collar stand, inner cuffs and back hanger loop 100% Japanese mid weight cotton fabricReal shell buttonsHeavily garment washed for softnessMade in Australia",Three Over One,Shirt,Mens,Color,Light Wash Denim,Size,S,,,,0,,1,deny,manual,279.00,,true,true,http://cdn.shopify.com/s/files/1/0152/2551/products/286_Stanley_Shirt_Light_Wash_Denim_Front.jpeg?2471
stanley-shirt-light-denim,,,,,,Color,Light Wash Denim,Size,M,,,,0,,1,deny,manual,279.00,,true,true,http://cdn.shopify.com/s/files/1/0152/2551/products/290_Stanley_Shirt_Light_Wash_Denim_Back.jpeg?2471
stanley-shirt-light-denim,,,,,,Color,Light Wash Denim,Size,L,,,,0,,1,deny,manual,279.00,,true,true,
stanley-shirt-light-denim,,,,,,Color,Light Wash Denim,Size,XL,,,,0,,1,deny,manual,279.00,,true,true,
stanley-shirt-light-denim,,,,,,Color,Light Wash Denim,Size,XXL,,,,0,,1,deny,manual,279.00,,true,true,
stanley-shirt-navy-floral,Stanley Navy Rose Floral Shirt,"Slim fit shirtPatch pocket at chest, button front, button down collar, gathered back yoke, darted back and woven fabric inner collar stand, inner cuffs and back hanger loop 100% Japanese mid weight cotton fabricReal shell buttonsHeavily garment washed for softnessMade in Australia",Three Over One,Shirt,Mens,Color,Navy Rose Floral Print,Size,S,,,,0,,1,deny,manual,179.00,,true,true,http://cdn.shopify.com/s/files/1/0152/2551/products/267_Stanley_Shirt_Navy_Rose_Floral_Front.jpeg?2471
stanley-shirt-navy-floral,,,,,,Color,Navy Rose Floral Print,Size,M,,,,0,,1,deny,manual,179.00,,true,true,http://cdn.shopify.com/s/files/1/0152/2551/products/269_Stanley_Shirt_Navy_Rose_Floral_Back.jpeg?2471
stanley-shirt-navy-floral,,,,,,Color,Navy Rose Floral Print,Size,L,,,,0,,1,deny,manual,179.00,,true,true,
stanley-shirt-navy-floral,,,,,,Color,Navy Rose Floral Print,Size,XL,,,,0,,1,deny,manual,179.00,,true,true,
stanley-shirt-navy-floral,,,,,,Color,Navy Rose Floral Print,Size,XXL,,,,0,,1,deny,manual,179.00,,true,true,
stanley-shirt-stone,Stanley Stone & Rust Shirt,"Slim fit shirtPatch pocket at chest, button front, button down collar, gathered back yoke, darted back and woven fabric inner collar stand, inner cuffs and back hanger loop 100% Japanese mid weight cotton fabricReal shell buttonsHeavily garment washed for softnessMade in Australia",Three Over One,Shirt,Mens,Color,Stone and Rust Brushed Check,Size,S,,,,0,,1,deny,manual,189.00,,true,true,http://cdn.shopify.com/s/files/1/0152/2551/products/256_Stanley_Shirt_Stone_and_Rust_Check_Front.jpeg?2471
stanley-shirt-stone,,,,,,Color,Stone and Rust Brushed Check,Size,M,,,,0,,1,deny,manual,189.00,,true,true,http://cdn.shopify.com/s/files/1/0152/2551/products/257_Stanley_Shirt_Stone_and_Rust_Check_Back.jpeg?2471
stanley-shirt-stone,,,,,,Color,Stone and Rust Brushed Check,Size,L,,,,0,,1,deny,manual,189.00,,true,true,
stanley-shirt-stone,,,,,,Color,Stone and Rust Brushed Check,Size,XL,,,,0,,1,deny,manual,189.00,,true,true,
stanley-shirt-stone,,,,,,Color,Stone and Rust Brushed Check,Size,XXL,,,,0,,1,deny,manual,189.00,,true,true,
stripe-oxford-tie,Stripe Oxford Tie,,Three Over One,Tie,Mens,Color,Default Title,,,,,,0,,1,deny,manual,279.00,,true,true,
theodore-knit-cardigan,Theodore Knit Cardigan,"Relaxed fit cardigan.Front patch pockets, button front, ribbed cuffs and woven fabric inner neck lining100% cotton mid weight French rib fabricHeavily garment washed for softnessMade in China",Three Over One,Knit,Mens,Color,Black,Size,S,,,,0,,1,deny,manual,139.00,,true,true,http://cdn.shopify.com/s/files/1/0152/2551/products/123_Theodore_Knit_Cardigan_Burnt_Red_Front.jpeg?2471
theodore-knit-cardigan,,,,,,Color,Black,Size,M,,,,0,,1,deny,manual,139.00,,true,true,http://cdn.shopify.com/s/files/1/0152/2551/products/124_Theodore_Knit_Cardigan_Burnt_Red_Back.jpeg?2471
theodore-knit-cardigan,,,,,,Color,Black,Size,L,,,,0,,1,deny,manual,139.00,,true,true,http://cdn.shopify.com/s/files/1/0152/2551/products/127_Theodore_Knit_Cardigan_Navy_Front.jpeg?2471
theodore-knit-cardigan,,,,,,Color,Black,Size,XL,,,,0,,1,deny,manual,139.00,,true,true,http://cdn.shopify.com/s/files/1/0152/2551/products/128_Theodore_Knit_Cardigan_Navy_Back.jpeg?2471
theodore-knit-cardigan,,,,,,Color,Black,Size,XXL,,,,0,,1,deny,manual,139.00,,true,true,http://cdn.shopify.com/s/files/1/0152/2551/products/129_Theodore_Knit_Cardigan_Black_Front.jpeg?2471
theodore-knit-cardigan,,,,,,Color,Navy,Size,S,,,,0,,1,deny,manual,139.00,,true,true,http://cdn.shopify.com/s/files/1/0152/2551/products/130_Theodore_Knit_Cardigan_Black_Back.jpeg?2471
theodore-knit-cardigan,,,,,,Color,Navy,Size,M,,,,0,,1,deny,manual,139.00,,true,true,
theodore-knit-cardigan,,,,,,Color,Navy,Size,L,,,,0,,1,deny,manual,139.00,,true,true,
theodore-knit-cardigan,,,,,,Color,Navy,Size,XL,,,,0,,1,deny,manual,139.00,,true,true,
theodore-knit-cardigan,,,,,,Color,Navy,Size,XXL,,,,0,,1,deny,manual,139.00,,true,true,
theodore-knit-cardigan,,,,,,Color,Burnt Red,Size,S,,,,0,,1,deny,manual,139.00,,true,true,
theodore-knit-cardigan,,,,,,Color,Burnt Red,Size,M,,,,0,,1,deny,manual,139.00,,true,true,
theodore-knit-cardigan,,,,,,Color,Burnt Red,Size,L,,,,0,,1,deny,manual,139.00,,true,true,
theodore-knit-cardigan,,,,,,Color,Burnt Red,Size,XL,,,,0,,1,deny,manual,139.00,,true,true,
theodore-knit-cardigan,,,,,,Color,Burnt Red,Size,XXL,,,,0,,1,deny,manual,139.00,,true,true,
tommy-work-shirt-check,Tommy Burnt Orange Large Check Work Shirt,"Relaxed fit shirt .Patch pockets at chest, button front, gathered back yoke and woven fabric back hanger loop100% Japanese  mid weight cotton chambray fabricReal corozo buttonsHeavily garment washed for softnessMade in Australia",Three Over One,Shirt,Mens,Color,Burnt Orange Large Check,Size,S,,,,0,,1,deny,manual,229.00,,true,true,http://cdn.shopify.com/s/files/1/0152/2551/products/245_Tommy_Work_Shirt_Burnt_Orange_Large_Brushed_Check_Front.jpeg?2471
tommy-work-shirt-check,,,,,,Color,Burnt Orange Large Check,Size,M,,,,0,,1,deny,manual,229.00,,true,true,http://cdn.shopify.com/s/files/1/0152/2551/products/246_Tommy_Work_Shirt_Burnt_Orange_Large_Brushed_Check_Back.jpeg?2471
tommy-work-shirt-check,,,,,,Color,Burnt Orange Large Check,Size,L,,,,0,,1,deny,manual,229.00,,true,true,
tommy-work-shirt-check,,,,,,Color,Burnt Orange Large Check,Size,XL,,,,0,,1,deny,manual,229.00,,true,true,
tommy-work-shirt-check,,,,,,Color,Burnt Orange Large Check,Size,XXL,,,,0,,1,deny,manual,229.00,,true,true,
tommy-work-shirt-chambray,Tommy Light Blue Chambray Work Shirt,"Relaxed fit shirt .Patch pockets at chest, button front, gathered back yoke and woven fabric back hanger loop100% Japanese  mid weight cotton chambray fabricReal corozo buttonsHeavily garment washed for softnessMade in Australia",Three Over One,Shirt,Mens,Color,Light Blue Chambray,Size,S,,,,0,,1,deny,manual,229.00,,true,true,http://cdn.shopify.com/s/files/1/0152/2551/products/247_Tommy_Work_Shirt_Light_Blue_Chambray_Front.jpeg?2471
tommy-work-shirt-chambray,,,,,,Color,Light Blue Chambray,Size,M,,,,0,,1,deny,manual,229.00,,true,true,http://cdn.shopify.com/s/files/1/0152/2551/products/248_Tommy_Work_Shirt_Light_Blue_Chambray_Back.jpeg?2471
tommy-work-shirt-chambray,,,,,,Color,Light Blue Chambray,Size,L,,,,0,,1,deny,manual,229.00,,true,true,
tommy-work-shirt-chambray,,,,,,Color,Light Blue Chambray,Size,XL,,,,0,,1,deny,manual,229.00,,true,true,
tommy-work-shirt-chambray,,,,,,Color,Light Blue Chambray,Size,XXL,,,,0,,1,deny,manual,229.00,,true,true,
victor-over-shirt,Victor Over Shirt,"Relaxed fit shirt. Two chest and two lower patch bellowed pockets with button fastening and an inner pocket. Button front and cuffs. Back box pleat and elbow darts100% Japanese heavy weight reverse twill fabricReal corozo buttonsHeavily garment washed for softnessMade in Australia",Three Over One,Shirt,Mens,Color,Navy,Size,S,,,,0,,1,deny,manual,239.00,,true,true,http://cdn.shopify.com/s/files/1/0152/2551/products/079_Victor_Over_Shirt_Green_Front.jpeg?2471
victor-over-shirt,,,,,,Color,Navy,Size,M,,,,0,,1,deny,manual,239.00,,true,true,http://cdn.shopify.com/s/files/1/0152/2551/products/080_Victor_Over_Shirt_Green_Back.jpeg?2471
victor-over-shirt,,,,,,Color,Navy,Size,L,,,,0,,1,deny,manual,239.00,,true,true,http://cdn.shopify.com/s/files/1/0152/2551/products/083_Victor_Over_Shirt_Navy_Front.jpeg?2471
victor-over-shirt,,,,,,Color,Navy,Size,XL,,,,0,,1,deny,manual,239.00,,true,true,http://cdn.shopify.com/s/files/1/0152/2551/products/084_Victor_Over_Shirt_Navy_Back.jpeg?2471
victor-over-shirt,,,,,,Color,Navy,Size,XXL,,,,0,,1,deny,manual,239.00,,true,true,
victor-over-shirt,,,,,,Color,Green,Size,S,,,,0,,1,deny,manual,239.00,,true,true,
victor-over-shirt,,,,,,Color,Green,Size,M,,,,0,,1,deny,manual,239.00,,true,true,
victor-over-shirt,,,,,,Color,Green,Size,L,,,,0,,1,deny,manual,239.00,,true,true,
victor-over-shirt,,,,,,Color,Green,Size,XL,,,,0,,1,deny,manual,239.00,,true,true,
victor-over-shirt,,,,,,Color,Green,Size,XXL,,,,0,,1,deny,manual,239.00,,true,true,
vincent-athletic-sweat,Vincent Althletic Sweat,"Slim fit  crew neck sweatshirt. Ribbed side panels, vee insert, raw edge cuff, ribbed hem and woven fabric back hanger loop100% marled cotton loop back mid weight sweat fabricHeavily garment washed for softnessMade in China",Three Over One,Sweatshirt,Mens,Color,Grey Marl,Size,S,,,,0,,1,deny,manual,109.00,,true,true,http://cdn.shopify.com/s/files/1/0152/2551/products/209_Vincent_Athletic_Sweat_Grey_Marl_Front.jpeg?2471
vincent-athletic-sweat,,,,,,Color,Grey Marl,Size,M,,,,0,,1,deny,manual,109.00,,true,true,http://cdn.shopify.com/s/files/1/0152/2551/products/210_Vincent_Athletic_Sweat_Grey_Marl_Back.jpeg?2471
vincent-athletic-sweat,,,,,,Color,Grey Marl,Size,L,,,,0,,1,deny,manual,109.00,,true,true,
vincent-athletic-sweat,,,,,,Color,Grey Marl,Size,XL,,,,0,,1,deny,manual,109.00,,true,true,
vincent-athletic-sweat,,,,,,Color,Grey Marl,Size,XXL,,,,0,,1,deny,manual,109.00,,true,true,
virginia-athletic-sweat,Virginia Athletic Sweat,"Slim fit mens style crew neck sweatshirt.Ribbed side panels, vee insert, ribbed cuffs and hem and woven fabric back hanger loop100% marled cotton loop back mid weight sweat fabricHeavily garment washed for softnessMade in China",Three Over One,Sweatshirt,Womens,Color,Navy Marl,Size,XS,,,,0,,1,deny,manual,109.00,,true,true,http://cdn.shopify.com/s/files/1/0152/2551/products/312_Virginia_Athletic_Sweat_Grey_Marl_Front.jpeg?2471
virginia-athletic-sweat,,,,,,Color,Navy Marl,Size,S,,,,0,,1,deny,manual,109.00,,true,true,http://cdn.shopify.com/s/files/1/0152/2551/products/313_Virginia_Athletic_Sweat_Grey_Marl_Back.jpeg?2471
virginia-athletic-sweat,,,,,,Color,Navy Marl,Size,M,,,,0,,1,deny,manual,109.00,,true,true,http://cdn.shopify.com/s/files/1/0152/2551/products/314_Virginia_Athletic_Sweat_Navy_Marl_Front.jpeg?2471
virginia-athletic-sweat,,,,,,Color,Navy Marl,Size,L,,,,0,,1,deny,manual,109.00,,true,true,http://cdn.shopify.com/s/files/1/0152/2551/products/315_Virginia_Athletic_Sweat_Navy_Marl_Back.jpeg?2471
virginia-athletic-sweat,,,,,,Color,Grey Marl,Size,XS,,,,0,,1,deny,manual,109.00,,true,true,
virginia-athletic-sweat,,,,,,Color,Grey Marl,Size,S,,,,0,,1,deny,manual,109.00,,true,true,
virginia-athletic-sweat,,,,,,Color,Grey Marl,Size,M,,,,0,,1,deny,manual,109.00,,true,true,
virginia-athletic-sweat,,,,,,Color,Grey Marl,Size,L,,,,0,,1,deny,manual,109.00,,true,true,
wallis-trouser,Wallis Trouser,,Three Over One,Trouser,Mens,Color,Default Title,,,,,,0,,1,deny,manual,0.00,,true,true,
walter-trouser,Walter Trouser,"Relaxed fit trouser tapering at the hem.Two slant pockets at front and a pocket with button fastening at the back. Belt channel at front with belt loops at the back and single pleat detail.100% Japanese heavy weight cotton corduroyReal horn buttons with a sanded finishHeavily garment washed for softnessMade in Australia",Three Over One,Trouser,Mens,Color,Navy Corduroy,Size,30,,,,0,,1,deny,manual,239.00,,true,true,http://cdn.shopify.com/s/files/1/0152/2551/products/113_Walter_Trouser_Navy_Cord_Front.jpeg?2471
walter-trouser,,,,,,Color,Navy Corduroy,Size,32,,,,0,,1,deny,manual,239.00,,true,true,http://cdn.shopify.com/s/files/1/0152/2551/products/114_Walter_Trouser_Navy_Cord_Back.jpeg?2471
walter-trouser,,,,,,Color,Navy Corduroy,Size,34,,,,0,,1,deny,manual,239.00,,true,true,
walter-trouser,,,,,,Color,Navy Corduroy,Size,36,,,,0,,1,deny,manual,239.00,,true,true,
walter-trouser,,,,,,Color,Navy Corduroy,Size,38,,,,0,,1,deny,manual,239.00,,true,true,
william-waistcoat,William Waistcoat,"Relaxed fit trouser tapering at the hem.Two slant pockets at front and a pocket with button fastening at the back. Belt channel at front with belt loops at the back and single pleat detail.100% Japanese heavy weight cotton corduroyReal horn buttons with a sanded finishHeavily garment washed for softnessMade in Australia",Three Over One,Coat,Mens,Color,Navy Corduroy,Size,S,,,,0,,1,deny,manual,219.00,,true,true,
william-waistcoat,,,,,,Color,Navy Corduroy,Size,M,,,,0,,1,deny,manual,219.00,,true,true,
william-waistcoat,,,,,,Color,Navy Corduroy,Size,L,,,,0,,1,deny,manual,219.00,,true,true,
william-waistcoat,,,,,,Color,Navy Corduroy,Size,XL,,,,0,,1,deny,manual,219.00,,true,true,
william-waistcoat,,,,,,Color,Navy Corduroy,Size,XXL,,,,0,,1,deny,manual,219.00,,true,true,
wilma-waistcoat,Wilma Waistcoat,,Three Over One,Coat,Mens,Color,Default Title,,,,,,0,,1,deny,manual,0.00,,true,true,
